{"cameraMode":{"drawMode":0,"name":"Shaded","section":"Shading Mode"},"sceneLighting":true,"audioPlay":false,"sceneViewState":{"showFog":true,"showMaterialUpdate":true,"showSkybox":true,"showFlares":true,"showImageEffects":true,"showParticleSystems":true},"in2DMode":false,"pivot":{"x":-0.5917364358901978,"y":1.3562114238739014,"z":2.908290147781372},"rotation":{"x":-0.012826003134250641,"y":0.9724891781806946,"z":-0.22596856951713563,"w":-0.055198151618242267},"size":11.027402877807618,"orthographic":false}